{
    "combined_score": 0.4306669471949661,
    "public": {
        "feasible": true,
        "selection_size": 10,
        "raw_score": 132.16052771701814
    },
    "private": {
        "selection": [
            3,
            4,
            5,
            6,
            7,
            8,
            9,
            10,
            11,
            14
        ],
        "raw_score": 132.16052771701814,
        "normalized_fitness": 0.4306669471949661
    },
    "execution_time_mean": 0.0010767919998215802,
    "execution_time_std": 0.0,
    "num_valid_runs": 1,
    "num_invalid_runs": 0,
    "all_validation_errors": []
}