{
    "combined_score": 0.3470686777681244,
    "public": {
        "feasible": true,
        "selection_size": 10,
        "raw_score": 106.5063848215821
    },
    "private": {
        "selection": [
            2,
            3,
            4,
            5,
            6,
            7,
            8,
            9,
            10,
            14
        ],
        "raw_score": 106.5063848215821,
        "normalized_fitness": 0.3470686777681244
    },
    "execution_time_mean": 0.0007033750002847228,
    "execution_time_std": 0.0,
    "num_valid_runs": 1,
    "num_invalid_runs": 0,
    "all_validation_errors": []
}