{
    "combined_score": 0.3993475858389672,
    "public": {
        "feasible": true,
        "selection_size": 10,
        "raw_score": 122.54942718671678
    },
    "private": {
        "selection": [
            3,
            4,
            5,
            6,
            7,
            9,
            10,
            11,
            13,
            14
        ],
        "raw_score": 122.54942718671678,
        "normalized_fitness": 0.3993475858389672
    },
    "execution_time_mean": 0.0013125000000400178,
    "execution_time_std": 0.0,
    "num_valid_runs": 1,
    "num_invalid_runs": 0,
    "all_validation_errors": []
}